Treasury revenue code,Description,COA account code,Revenue source,(times used in September)
4020214001,Market Fee,,,261
40202120,Parking Fees,,,153
40601010D/S,Miscellaneous Income - D/S,,,88
4020104005,Other Clearance and Certification,,,84
402010202,Cattle/Animal Registration Fees,,,61
4010105051,Community Tax - Individual,,,33
4010204001,Real Property Tax - Full OR Amount,,,19
40201010,Permit Fees,,,12
402010201,Civil Registration Fees,,,11
4020101012,Electrical Permit Fee,,,8
40601010REF,Miscellaneous Income - REF,,,8
4020220001,Health Certificate,,,7
40201030,"Registration Plates, Tags and Stickers Fees",,,6
4060101001,Miscellaneous Income - RPT - GF,,,5
4060101002,Miscellaneous Income - RPT - SEF,,,5
4020214002,Market Block Rental,,,4
4020104007,Police Blotter Certification,,,4
40202160,Receipts from Cemetery Operations,,,3
4020101008,Tricycle Operators Permit Fees,,,3
4020198002,Illegal Gambling Violation,,,3
406010100305,Miscellaneous Income - RPT - BRGY EAST,,,3
406010100303,Miscellaneous Income - RPT - BRGY CABIA-AN,,,3
406010100309,Miscellaneous Income - RPT - BRGY WEST,,,3
406010100304,Miscellaneous Income - RPT - BRGY CANINGAY,,,3
40202160-1,Cemetery Usage Fee,,,3
40101050,Community Tax,,,2
40104990,Other Taxes,,,2
4020101007,Zonal/Location Permit Fees,,,2
40201130,Processing Fees,,,2
406010100306,Miscellaneous Income - RPT - BRGY GATUSLAO,,,2
406010100307,Miscellaneous Income - RPT - BRGY HABA,,,2
4020198001,Traffic Violation Final,,,2
40202190,Garbage Fees,,,2
40201100,Inspection Fees,,,2
4020101006,Building Permit Fees,,,2
4020218001,Sales of Accountable Forms,,,2
402010101,Other Permit & Licenses,,,2
40105010,Tax Revenue - Fines and Penalties - Taxes on Individual and Corporation,,,1
40101020,Professional Tax,,,1
40601010TF,Miscellaneous Income-TF,,,1
402020502,Heavy Equipment Rental,,,1
40202050001,7 Eleven Space Rental,,,1
4020104002,Secretary's Fees,,,1
